id,ad,fenn_sayi,sual_sayi,fennsual1,fennsual2,fennsual3,fennsual4,fennsual5,fennsual6,fennsual7,fennsual8,fennsual9,fennbal1,fennbal2,fennbal3,fennbal4,fennbal5,fennbal6,fennbal7,fennbal8,fennbal9,fennad1,fennad2,fennad3,fennad4,fennad5,fennad6,fennad7,fennad8,fennad9,sehvduz,sehvduzsay
1,8b,3,75,25,25,20,,,,,,,4,4,5,,,,,,,Azərbaycan dili,Riyaziyyat,İngilis dili,,,,,,,Yox,
2,9b,3,85,30,30,25,,,,,,,3.33,3.33,4,,,,,,,İngilis dili,Azərbaycan dili,Riyaziyyat,,,,,,,Yox,
3,sinaq3,3,90,30,30,30,,,,,,,3.33,3.33,3.33,,,,,,,,,,,,,,,,Yox,
4,sinaq4,3,30,60,60,60,,,,,,,1,1,1,,,,,,,,,,,,,,,,Var,4
5,sinaq5,5,70,14,14,14,14,14,,,,,10,10,10,10,10,,,,,,,,,,,,,,Var,4
6,sinaq6,8,100,15,15,30,10,10,10,5,5,,7,7,7,7,7,7,7,7,,Azərbaycan dili,Riyaziyyat,İngilis dili,Biologiya,Kimya,Fizika,Coğrafiya,Tarix,,Var,4
7,sinaq7,3,90,25,25,20,,,,,,,10,10,10,,,,,,,Azərbaycan dili,Riyaziyyat,İngilis dili,,,,,,,Var,3
8,nsu,9,100,20,20,20,10,10,5,5,5,5,7,7,7,7,7,7,7,7,7,Azərbaycan dili,Riyaziyyat,İngilis dili,Kimya,Biologiya,Ədəbiyyat,Coğrafiya,Tarix,Fizika,Var,3
9,nsu10,7,100,20,20,20,10,10,10,10,,,7,7,7,7,7,7,7,,,Azərbaycan dili,Riyaziyyat,İngilis dili,Azərbaycan Tarixi,Kimya,Biologiya,Fizika,,,Var,3
